{
  "run": {
    "model": "super-basic-convnet",
    "batch_size": 4,
    "input_independent": false,
    "epochs": 500,
    "one_batch": true
  },
  "results": {
    "mae": 0.2143640549504757,
    "mse": 0.06767583927661786,
    "rmse": 0.26014580388047365,
    "sample_predictions": [
      [
        "data/tracks/6uX6WZUzgIQ6a6diuUIWVg/album_image.jpg",
        0.0,
        0.2664896547794342
      ],
      [
        "data/tracks/6V7g6qM8wheMivMWrzbPTM/album_image.jpg",
        0.71,
        0.07638081908226013
      ],
      [
        "data/tracks/6vGVf8K3ri7VfkCj6PtZRy/album_image.jpg",
        0.0,
        0.27167803049087524
      ],
      [
        "data/tracks/6vHSV7voDvLHU4kMmyd5zj/album_image.jpg",
        0.12,
        0.102659672498703
      ],
      [
        "data/tracks/6vJFzaR0YnHcjYjCvavBfl/album_image.jpg",
        0.0,
        0.41488030552864075
      ],
      [
        "data/tracks/6vKXiLIsOp5zfJIcYtaQD9/album_image.jpg",
        0.0,
        0.04498109221458435
      ],
      [
        "data/tracks/6VL4s09JdV9AjYBGsamTXV/album_image.jpg",
        0.03,
        0.10243429988622665
      ],
      [
        "data/tracks/6VOyQk2Pp9ZqiX9BHvRNRo/album_image.jpg",
        0.16,
        0.08487056940793991
      ],
      [
        "data/tracks/6VqrTPU5HjwaP0HJm1zT5b/album_image.jpg",
        0.05,
        0.23279690742492676
      ],
      [
        "data/tracks/6VQye74oX8FYIXUKI7feiG/album_image.jpg",
        0.48,
        0.04245675355195999
      ]
    ]
  }
}